{"cameraMode":{"drawMode":0,"name":"Shaded","section":"Shading Mode"},"sceneLighting":false,"audioPlay":false,"sceneViewState":{"showFog":true,"showMaterialUpdate":false,"showSkybox":false,"showFlares":true,"showImageEffects":true,"showParticleSystems":true},"in2DMode":false,"pivot":{"x":0.06836812943220139,"y":1.6830945014953614,"z":-1.0169132947921754},"rotation":{"x":0.25516974925994875,"y":0.007610456086695194,"z":-0.003150506177917123,"w":0.9669895768165588},"size":0.5540199279785156,"orthographic":false}