{"cameraMode":{"drawMode":0,"name":"Shaded","section":"Shading Mode"},"sceneLighting":false,"audioPlay":false,"sceneViewState":{"showFog":true,"showMaterialUpdate":false,"showSkybox":false,"showFlares":true,"showImageEffects":true,"showParticleSystems":true},"in2DMode":false,"pivot":{"x":-0.09248566627502442,"y":1.9999635219573975,"z":0.06722843647003174},"rotation":{"x":0.12219487130641937,"y":0.057191699743270877,"z":-0.007257665507495403,"w":0.9908996820449829},"size":3.5371017456054689,"orthographic":false}