{"cameraMode":{"drawMode":0,"name":"Shaded","section":"Shading Mode"},"sceneLighting":false,"audioPlay":false,"sceneViewState":{"showFog":true,"showMaterialUpdate":false,"showSkybox":false,"showFlares":true,"showImageEffects":true,"showParticleSystems":true},"in2DMode":false,"pivot":{"x":0.3486599922180176,"y":0.6603989601135254,"z":-0.7925089597702026},"rotation":{"x":-0.25630685687065127,"y":-0.6080839037895203,"z":0.21674086153507234,"w":-0.7194650769233704},"size":3.951843023300171,"orthographic":false}