{"cameraMode":{"drawMode":0,"name":"Shaded","section":"Shading Mode"},"sceneLighting":false,"audioPlay":false,"sceneViewState":{"showFog":true,"showMaterialUpdate":false,"showSkybox":false,"showFlares":true,"showImageEffects":true,"showParticleSystems":true},"in2DMode":false,"pivot":{"x":-2.086162567138672e-7,"y":0.46881943941116335,"z":-0.025380827486515046},"rotation":{"x":-0.1737280637025833,"y":0.11405091732740402,"z":-0.020260479301214219,"w":-0.9779574871063232},"size":0.5548719763755798,"orthographic":false}