{"cameraMode":{"drawMode":0,"name":"Shaded","section":"Shading Mode"},"sceneLighting":false,"audioPlay":false,"sceneViewState":{"showFog":true,"showMaterialUpdate":false,"showSkybox":false,"showFlares":true,"showImageEffects":true,"showParticleSystems":true},"in2DMode":false,"pivot":{"x":52.421226501464847,"y":5.142852306365967,"z":-21.149593353271486},"rotation":{"x":0.0036579871084541084,"y":-0.9966631531715393,"z":0.06585348397493363,"w":0.049187805503606799},"size":10.0,"orthographic":false}