{"cameraMode":{"drawMode":0,"name":"Shaded","section":"Shading Mode"},"sceneLighting":false,"audioPlay":false,"sceneViewState":{"showFog":true,"showMaterialUpdate":false,"showSkybox":false,"showFlares":true,"showImageEffects":true,"showParticleSystems":true},"in2DMode":false,"pivot":{"x":2.2507336139678957,"y":1.5503846406936646,"z":-17.40111541748047},"rotation":{"x":0.12206273525953293,"y":-0.022330494597554208,"z":0.0027500924188643696,"w":0.9922799468040466},"size":0.5549510717391968,"orthographic":false}