{"cameraMode":{"drawMode":0,"name":"Shaded","section":"Shading Mode"},"sceneLighting":false,"audioPlay":false,"sceneViewState":{"showFog":true,"showMaterialUpdate":false,"showSkybox":false,"showFlares":true,"showImageEffects":true,"showParticleSystems":true},"in2DMode":false,"pivot":{"x":-23.693456649780275,"y":-10.603581428527832,"z":5.6241841316223148},"rotation":{"x":-0.18639056384563447,"y":0.6860496401786804,"z":-0.188792884349823,"w":-0.6774892807006836},"size":0.15681611001491548,"orthographic":false}