{"cameraMode":{"drawMode":0,"name":"Shaded","section":"Shading Mode"},"sceneLighting":false,"audioPlay":false,"sceneViewState":{"showFog":true,"showMaterialUpdate":false,"showSkybox":false,"showFlares":true,"showImageEffects":true,"showParticleSystems":true},"in2DMode":false,"pivot":{"x":-0.21522808074951173,"y":9.070429801940918,"z":-0.8346118927001953},"rotation":{"x":-0.0017833724850788713,"y":0.9977973699569702,"z":-0.0278477743268013,"w":-0.061164841055870059},"size":13.071882247924805,"orthographic":false}