{"cameraMode":{"drawMode":0,"name":"Shaded","section":"Shading Mode"},"sceneLighting":false,"audioPlay":false,"sceneViewState":{"showFog":true,"showMaterialUpdate":false,"showSkybox":false,"showFlares":true,"showImageEffects":true,"showParticleSystems":true},"in2DMode":false,"pivot":{"x":-2.455082893371582,"y":1.9984781742095948,"z":-17.359256744384767},"rotation":{"x":0.13361623883247376,"y":0.29432421922683718,"z":-0.04159408435225487,"w":0.9454326629638672},"size":2.1213202476501467,"orthographic":false}