{"cameraMode":{"drawMode":0,"name":"Shaded","section":"Shading Mode"},"sceneLighting":false,"audioPlay":false,"sceneViewState":{"showFog":true,"showMaterialUpdate":false,"showSkybox":false,"showFlares":true,"showImageEffects":true,"showParticleSystems":true},"in2DMode":false,"pivot":{"x":-10.256131172180176,"y":1.28337824344635,"z":-14.969470977783204},"rotation":{"x":0.1258811056613922,"y":0.10248535126447678,"z":-0.013074028305709362,"w":0.9866579174995422},"size":0.7289016842842102,"orthographic":false}