{"cameraMode":{"drawMode":0,"name":"Shaded","section":"Shading Mode"},"sceneLighting":false,"audioPlay":false,"sceneViewState":{"showFog":true,"showMaterialUpdate":false,"showSkybox":false,"showFlares":true,"showImageEffects":true,"showParticleSystems":true},"in2DMode":false,"pivot":{"x":-0.10297197103500366,"y":1.6136574745178223,"z":0.4379138946533203},"rotation":{"x":-0.06983406096696854,"y":0.6538556218147278,"z":-0.06077752634882927,"w":-0.7509568929672241},"size":3.652064323425293,"orthographic":false}