{"cameraMode":{"drawMode":0,"name":"Shaded","section":"Shading Mode"},"sceneLighting":false,"audioPlay":false,"sceneViewState":{"showFog":true,"showMaterialUpdate":false,"showSkybox":false,"showFlares":true,"showImageEffects":true,"showParticleSystems":true},"in2DMode":false,"pivot":{"x":-0.47136780619621279,"y":0.3018557131290436,"z":0.3599853515625},"rotation":{"x":0.0608537495136261,"y":-0.5482421517372131,"z":0.040041740983724597,"w":0.8331473469734192},"size":0.23346242308616639,"orthographic":false}