{"cameraMode":{"drawMode":0,"name":"Shaded","section":"Shading Mode"},"sceneLighting":false,"audioPlay":false,"sceneViewState":{"showFog":true,"showMaterialUpdate":false,"showSkybox":false,"showFlares":true,"showImageEffects":true,"showParticleSystems":true},"in2DMode":false,"pivot":{"x":19.514467239379884,"y":1.3765039443969727,"z":-17.340991973876954},"rotation":{"x":0.08235645294189453,"y":-0.903270423412323,"z":0.20104019343852998,"w":0.3700230121612549},"size":0.5540197491645813,"orthographic":false}